Date,Shock (UTC),Vacuum Trigger,Δt (sec),Penalty (BPS),Loss (SEK),Detected,EURNOK_Penalty_BPS,Actual_Rate,Previous_Rate,Policy_Surprise
2014-02-13 00:00:00,08:30:00,08:27:52.728,127.272,3.06,306.28,True,,0.75,0.75,0.0
2014-04-09 00:00:00,07:30:00,07:27:37.703,142.297,0.94,94.31,True,,0.75,0.75,0.0
2014-07-03 08:30:00,07:30:00,07:29:20.308,39.692,-1.17,-117.39,True,1.305324489766723,0.25,0.75,0.5
2014-09-04 08:30:00,07:30:00,No Trigger,0.0,0.0,0.0,False,1.658863839264874,0.25,0.25,0.0
2014-10-28 08:30:00,08:30:00,No Trigger,0.0,0.0,0.0,False,1.2693205569471966,0.0,0.25,0.25
2014-12-16 08:30:00,08:30:00,No Trigger,0.0,0.0,0.0,False,0.7941724752901983,0.0,0.0,0.0
2015-02-12 08:30:00,08:30:00,08:29:17.288,42.712,3.88,388.31,True,1.7051647020735374,-0.1,0.0,0.1
2015-04-29 08:30:00,07:30:00,07:25:28.305,271.695,0.56,55.66,True,5.319026785555108,-0.25,-0.25,0.0
2015-07-02 08:30:00,07:30:00,07:28:17.364,102.636,2.29,229.04,True,6.771430221833898,-0.35,-0.25,0.09999999999999998
2015-09-03 08:30:00,07:30:00,No Trigger,0.0,0.0,0.0,False,4.275223621581084,-0.35,-0.35,0.0
2015-10-28 08:30:00,08:30:00,08:29:15.991,44.009,10.87,1086.76,True,0.9483701581420696,-0.35,-0.35,0.0
2015-12-15 09:30:00,08:30:00,No Trigger,0.0,0.0,0.0,False,15.261823039491162,-0.35,-0.35,0.0
2016-02-11 08:30:00,08:30:00,08:29:31.016,28.984,14.65,1464.77,True,2.986843842899493,-0.5,-0.35,0.15000000000000002
2016-04-21 08:30:00,07:30:00,07:28:43.639,76.361,7.28,727.73,True,2.722858334482256,-0.5,-0.5,0.0
2016-07-06 08:30:00,07:30:00,07:29:30.230,29.77,4.55,455.26,True,2.403890384896203,-0.5,-0.5,0.0
2016-09-07 08:30:00,07:30:00,07:29:19.514,40.486,5.19,519.16,True,4.560256293529645,-0.5,-0.5,0.0
2016-10-27 08:30:00,08:30:00,No Trigger,0.0,0.0,0.0,False,2.853551537051354,-0.5,-0.5,0.0
2016-12-21 08:30:00,08:30:00,08:29:44.755,15.245,1.5,149.69,True,1.4935770414577885,-0.5,-0.5,0.0
2017-02-15 08:30:00,08:30:00,No Trigger,0.0,0.0,0.0,False,1.5154108717081087,-0.5,-0.5,0.0
2017-04-27 08:30:00,07:30:00,No Trigger,0.0,0.0,0.0,False,7.652309131123262,-0.5,-0.5,0.0
2017-07-04 08:30:00,07:30:00,07:29:49.621,10.379,4.93,492.69,True,1.8648844989342208,-0.5,-0.5,0.0
2017-09-07 08:30:00,07:30:00,07:29:27.092,32.908,5.26,525.53,True,-1.007339713087204,-0.5,-0.5,0.0
2017-10-26 08:30:00,08:30:00,No Trigger,0.0,0.0,0.0,False,0.0764930875598845,-0.5,-0.5,0.0
2017-12-20 08:30:00,08:30:00,08:26:52.842,187.158,1.33,132.96,True,0.8609817591855805,-0.5,-0.5,0.0
2018-02-14 08:30:00,08:30:00,08:29:00.156,59.844,6.87,686.99,True,0.464699088759912,-0.5,-0.5,0.0
2018-04-26 08:30:00,07:30:00,07:29:32.613,27.387,1.72,171.73,True,0.7520289381920142,-0.5,-0.5,0.0
2018-07-03 08:30:00,07:30:00,No Trigger,0.0,0.0,0.0,False,-0.4135141227127493,-0.5,-0.5,0.0
2018-09-06 08:30:00,07:30:00,07:29:07.851,52.149,1.72,172.23,True,2.606985964955925,-0.5,-0.5,0.0
2018-10-24 08:30:00,08:30:00,No Trigger,0.0,0.0,0.0,False,5.213101691475927,-0.5,-0.5,0.0
2018-12-20 08:30:00,08:30:00,08:27:30.816,149.184,-11.12,-1111.69,True,1.097009669680283,-0.25,-0.5,0.25
2019-02-13 08:30:00,08:30:00,08:28:53.308,66.692,2.33,233.14,True,0.9661855056441134,-0.25,-0.25,0.0
2019-04-25 08:30:00,07:30:00,07:26:05.179,234.821,2.94,293.9,True,-0.2208928283677129,-0.25,-0.25,0.0
2019-07-03 08:30:00,07:30:00,07:29:57.328,2.672,12.76,1275.92,True,0.4789567699428099,-0.25,-0.25,0.0
2019-09-05 08:30:00,07:30:00,07:29:00.992,59.008,2.91,291.3,True,6.102422829058151,-0.25,-0.25,0.0
2019-10-24 08:30:00,08:30:00,No Trigger,0.0,0.0,0.0,False,0.4360081190637186,-0.25,-0.25,0.0
2019-12-19 08:30:00,08:30:00,08:29:20.413,39.587,9.15,914.78,True,0.5523379713784948,0.0,-0.25,0.25
2020-11-26 08:30:00,08:30:00,08:29:24.967,35.033,0.45,45.45,True,1.4517008048344109,0.0,0.0,0.0
2021-02-10 08:30:00,08:30:00,No Trigger,0.0,0.0,0.0,False,1.477061212695916,0.0,0.0,0.0
2021-04-27 08:30:00,07:30:00,07:27:38.383,141.617,9.5,949.95,True,-0.2052431907416737,0.0,0.0,0.0
2021-07-01 08:30:00,07:30:00,No Trigger,0.0,0.0,0.0,False,3.812379071600205,0.0,0.0,0.0
2021-09-21 08:30:00,07:30:00,No Trigger,0.0,0.0,0.0,False,-1.0886688228883536,0.0,0.0,0.0
2021-11-25 08:30:00,08:30:00,08:29:18.702,41.298,15.61,1560.9,True,1.952004005021668,0.0,0.0,0.0
2022-02-10 08:30:00,08:30:00,No Trigger,0.0,0.0,0.0,False,1.6960834368835165,0.0,0.0,0.0
2022-04-28 08:30:00,07:30:00,07:27:30.520,149.48,4.21,420.89,True,5.434328857588013,0.25,0.0,0.25
2022-06-30 08:30:00,07:30:00,07:27:15.076,164.924,4.48,447.63,True,8.243270143665288,0.75,0.25,0.5
2022-09-20 08:30:00,07:30:00,07:29:37.838,22.162,4.16,416.22,True,3.3298111502104586,1.75,0.75,1.0
2022-11-24 08:30:00,08:30:00,08:26:39.068,200.932,1.39,138.96,True,2.6134383845824645,2.5,1.75,0.75
2023-02-09 08:30:00,08:30:00,08:29:59.666,0.334,2.67,267.24,True,2.216388734324526,3.0,2.5,0.5
2023-04-26 08:30:00,07:30:00,07:27:18.652,161.348,3.33,333.4,True,2.880235179789675,3.5,3.0,0.5
2023-06-29 08:30:00,07:30:00,07:28:43.886,76.114,0.04,3.7,True,1.0245851664111956,3.75,3.5,0.25
2023-09-21 08:30:00,07:30:00,07:28:26.220,93.78,0.78,78.1,True,4.194459845426597,4.0,3.75,0.25
2023-11-23 08:30:00,08:30:00,08:27:04.150,175.85,2.41,241.07,True,0.4278842725278013,4.0,4.0,0.0
2024-02-01 08:30:00,08:30:00,08:29:28.301,31.699,9.29,928.77,True,0.5315801840541421,4.0,4.0,0.0
2024-05-08 08:30:00,07:30:00,07:27:40.485,139.515,2.24,224.26,True,-0.6899513989108237,3.75,4.0,0.25
2024-06-27 08:30:00,07:30:00,07:28:26.361,93.639,1.6,159.79,True,4.945994082324647,3.75,3.75,0.0
2024-08-20 08:30:00,07:30:00,07:25:16.311,283.689,0.37,37.24,True,5.63207102837905,3.5,3.75,0.25
2024-09-25 08:30:00,07:30:00,07:27:54.367,125.633,2.94,293.86,True,3.6290282737429673,3.25,3.5,0.25
2024-11-07 08:30:00,08:30:00,08:28:00.801,119.199,4.28,428.39,True,2.1523104577758074,2.75,3.25,0.5
2024-12-19 08:30:00,08:30:00,No Trigger,0.0,0.0,0.0,False,3.091169257534714,2.5,2.75,0.25
2025-02-06 08:30:00,08:30:00,No Trigger,0.0,0.0,0.0,False,0.3992500058112277,2.5,2.5,0.0
2025-03-27 08:30:00,07:30:00,No Trigger,0.0,0.0,0.0,False,1.019768986153086,2.25,2.5,0.25
2025-05-14 08:30:00,07:30:00,No Trigger,0.0,0.0,0.0,False,1.3077613479337191,2.25,2.25,0.0
2025-06-24 08:30:00,07:30:00,07:29:05.730,54.27,3.47,346.79,True,0.4725746267877005,2.0,2.25,0.25
2025-08-20 08:30:00,07:30:00,07:29:18.510,41.49,1.79,179.27,True,4.017558696690655,2.0,2.0,0.0
2025-09-25 08:30:00,07:30:00,No Trigger,0.0,0.0,0.0,False,1.273146158026664,1.75,2.0,0.25
2025-11-06 08:30:00,08:30:00,No Trigger,0.0,0.0,0.0,False,1.5495734980046851,1.75,1.75,0.0
2025-12-18 08:30:00,08:30:00,No Trigger,0.0,0.0,0.0,False,1.0938476416084717,1.75,1.75,0.0
2026-02-05 08:30:00,08:30:00,No Trigger,0.0,0.0,0.0,False,0.3431730744206558,1.5,1.75,0.25
2026-03-26 08:30:00,07:30:00,No Trigger,0.0,0.0,0.0,False,0.540104744552755,1.5,1.5,0.0
